4be2e7,127.0.0.1,GET,http://www.portfolio-cms.dev/admin/clearcache,1454518600,
163aa6,127.0.0.1,GET,http://www.portfolio-cms.dev/admin/changelog,1454518603,
6275f2,127.0.0.1,GET,http://www.portfolio-cms.dev/admin/systemlog,1454518606,
4df374,127.0.0.1,GET,http://www.portfolio-cms.dev/admin/files,1454518615,
cdc92f,127.0.0.1,GET,http://www.portfolio-cms.dev/async/addstack/1454517556_atag-header.jpg,1454518621,
2fed4a,127.0.0.1,POST,http://www.portfolio-cms.dev/async/deletefile,1454518640,
cf238d,127.0.0.1,GET,http://www.portfolio-cms.dev/async/lastmodified/pages,1454518665,75fa95
75fa95,127.0.0.1,GET,http://www.portfolio-cms.dev/admin/overview/pages,1454518665,
259295,127.0.0.1,GET,http://www.portfolio-cms.dev/async/lastmodified/pages,1454518667,f9cee1
960cf1,127.0.0.1,GET,http://www.portfolio-cms.dev/async/showstack?items=10,1454518667,f9cee1
f9cee1,127.0.0.1,GET,http://www.portfolio-cms.dev/admin/editcontent/pages/1,1454518667,
23bff8,127.0.0.1,GET,http://www.portfolio-cms.dev/async/showstack?items=7&options=minimal,1454518680,e5bc12
e5bc12,127.0.0.1,GET,http://www.portfolio-cms.dev/admin/files/files/?CKEditor=teaser&CKEditorFuncNum=0&langCode=en,1454518680,
6ba4f3,127.0.0.1,POST,http://www.portfolio-cms.dev/admin/editcontent/pages/1?returnto=ajax,1454518687,
45b226,127.0.0.1,GET,http://www.portfolio-cms.dev/,1454518692,
3e6869,127.0.0.1,GET,http://www.portfolio-cms.dev/json/showcases,1454518693,
507682,127.0.0.1,GET,http://www.portfolio-cms.dev/,1454518695,
b945f4,127.0.0.1,GET,http://www.portfolio-cms.dev/json/showcases,1454518695,
424be5,127.0.0.1,POST,http://www.portfolio-cms.dev/admin/editcontent/pages/1?returnto=ajax,1454518703,
d340c2,127.0.0.1,GET,http://www.portfolio-cms.dev/,1454518704,
23cca9,127.0.0.1,GET,http://www.portfolio-cms.dev/json/showcases,1454518705,
f02654,127.0.0.1,POST,http://www.portfolio-cms.dev/admin/editcontent/pages/1?returnto=ajax,1454518711,
f30d79,127.0.0.1,POST,http://www.portfolio-cms.dev/upload?handler=,1454518721,
4717eb,127.0.0.1,GET,http://www.portfolio-cms.dev/async/addstack/2016-02/atag-header.jpg,1454518721,
35db47,127.0.0.1,GET,http://www.portfolio-cms.dev/,1454518887,
d13dd0,127.0.0.1,GET,http://www.portfolio-cms.dev/json/showcases,1454518887,
9160d8,127.0.0.1,GET,http://www.portfolio-cms.dev/async/lastmodified/pages,1454518892,568ab5
911879,127.0.0.1,GET,http://www.portfolio-cms.dev/async/showstack?items=10,1454518892,568ab5
568ab5,127.0.0.1,GET,http://www.portfolio-cms.dev/admin/editcontent/pages/1,1454518892,
70b133,127.0.0.1,POST,http://www.portfolio-cms.dev/upload?handler=,1454518895,
dd4139,127.0.0.1,GET,http://www.portfolio-cms.dev/async/addstack/2016-02/thumb.worldkorfball-home.png,1454518896,
df5c63,127.0.0.1,GET,http://www.portfolio-cms.dev/async/browse/files?key=image,1454518899,
f021d7,127.0.0.1,POST,http://www.portfolio-cms.dev/admin/editcontent/pages/1?returnto=ajax,1454518902,
511370,127.0.0.1,GET,http://www.portfolio-cms.dev/admin/files,1454518905,
bb54c1,127.0.0.1,POST,http://www.portfolio-cms.dev/admin/files,1454518912,
a7edd3,127.0.0.1,GET,http://www.portfolio-cms.dev/admin/files,1454518912,
3bc2a9,127.0.0.1,GET,http://www.portfolio-cms.dev/admin/files/files/2016-02,1454518916,
842cb6,127.0.0.1,POST,http://www.portfolio-cms.dev/admin/files/files/2016-02,1454518934,
cdf002,127.0.0.1,GET,http://www.portfolio-cms.dev/admin/files/files/2016-02,1454518934,
aa658a,127.0.0.1,GET,http://www.portfolio-cms.dev/async/addstack/2016-02/1454518934_atag-header.jpg,1454518942,
5d0fe8,127.0.0.1,GET,http://www.portfolio-cms.dev/async/addstack/2016-02/1454500602_thumb.atag-header.jpg,1454518943,
18535b,127.0.0.1,GET,http://www.portfolio-cms.dev/admin/files/files/2016-02,1454518945,
